RA, DEC, NAME, RADIUS
198.9531704, 15.5655563, target in list, 5
198.95359564, 15.56503978, center, 5
198.95270833, 15.55173056, TARGRA TARGDEC, 5