Name,ra,dec,JAB,label,source,note
J063725.561+381250.071,99.356503,38.2139085,20.48159,unknown,FW,
J073007.758+594904.837,112.5323242,59.8180102,20.501684,problematic,FW,no trace
J083805.931-011216.386,129.5247128,-1.2045518,20.584364,unknown,RN,might be a low-z
J084752.810+013922.516,131.9700407,1.6562545,20.507427,unknown,RN,
J085428.106+290833.104,133.6171092,29.1425288,20.71449,unknown,RN,might be wrong target
J093855.139+134144.136,144.7297448,13.6955934,19.297581,unknown,FW,
J102448.569-003735.982,156.2023712,-0.6266617,20.744416,problematic,RN,fall on a bright stripe; the trace itself is very faint
J150653.403+331643.846,226.7225136,33.2788462,20.42541,problematic,FW,two traces at the position of the target