offset,JAB,objframe,skyframe
J0841+3814,15.000000,32,31
J0951+5146,16.743875,51,50
J1003+5424,18.537920,55,54
J1124+0310,19.449362,61,60
J1150-0143,15.278945,65,64
J1202+0129,19.264778,85,84
J1218+5254,16.848807,101,100
J1318+2932,19.156647,105,104
J1315+1533,16.974504,119,118
J1333+0919,18.330868,131,130
J1332+0150,18.959614,144,143
J1511+0344,17.018526,160,159
J1424+2527,17.574005,183,182
J1544+3138,17.729967,202,201
J1447+5839,17.720618,208,207