RA,Dec,name
9.51689207,-6.88911279,telescope
9.50455473,-6.89422420,offset star
9.51575918,-6.88968730,quasar