name,ra,dec,JAB,label,source,note
J100758.260+211529.200,151.9927667,21.2581111,-1,qso,known quasar,
J143202.000+574615.860 ,218.0083333,57.7710722,-1,unknown,,
J145038.000+330215.250,222.6583333,33.0375694,-1,unknown,,
J145856.000+630029.520,224.7333333,63.0082,-1,unknown,,NQ
J153920.000-020328.000,234.8333333,-2.0577778,-1,problematic,,no trace
J155731.000+014043.140,239.3791667,1.67865,-1,problematic,,no trace
J163536.000+175847.090,248.9,17.9797472,-1,unknown,,
J221233.000+204009.100,333.1375,20.6691944,-1,inconclusive,,no LRIS flux; might be extend source