RA,DEC,name,radius
203.2356,1.8420,qso,6
203.2320,1.8355,star,6
147.8389612,51.7667502,J0951_qso,6
147.8455727,51.7714734,J0951_star,6